Nombre completo,PaÃ­s de origen,Equipo actual,Cualquier referencia a su ascendencia o raÃ­ces,Link del tweet,Fecha,Citar la parte del tweet en donde encontraste la informacion solicitada
RÃ³mulo Otero,Venezolano,Santos FC,No se encontrÃ³ informaciÃ³n,https://twitter.com/SOLOVENEX_/status/1750956186168402081,"Jan 26, 2024","""Soteldo es el nuevo #7 del Gremio! ğŸ‡»ğŸ‡ª   #VenEx #Soteldo #Gremio #SoloVenex"
"""",,Yeferson Soteldo,Venezolano,Gremio,No se encontrÃ³ informaciÃ³n,https://twitter.com/SOLOVENEX_/status/1750956186168402081
"""Soteldo es el nuevo #7 del Gremio! ğŸ‡»ğŸ‡ª   #VenEx #Soteldo #Gremio #SoloVenex",ğŸ“¸ Imagen cortesÃ­a,"""",,Yordan Osorio,Venezolano,Parma
https://twitter.com/SOLOVENEX_/status/1750912485861793868,"Jan 26, 2024","""ğ—¢ğ—™ğ—œğ—–ğ—œğ—”ğ—Ÿ: Yordan Osorio hasta ğŸ®ğŸ¬ğŸ®ğŸ± ğŸ‡®ğŸ‡¹  Â¡Pulgar arriba para el central barinÃ©s! ğŸ‘ğŸ»  â€¢ Su notable rendimiento en 2023 le asegurÃ³ la continuidad en el exigente fÃºtbol itÃ¡lico. ğ—§ğ—¢ğ—£.  #VenEx #Osorio #LegaB #SoloVenex",ğŸ¥ @1913parmacalcio,"""",,Leenhan Romero
Universidad CatÃ³lica,No se encontrÃ³ informaciÃ³n,https://twitter.com/SOLOVENEX_/status/1750285077404107140,"Jan 25, 2024","""AsÃ­ comenzÃ³: ğŸ‘¶ğŸ½ â¡ï¸ AsÃ­ va: â­ï¸  ğ—Ÿğ—˜ğ—˜ğ—¡ğ—›ğ—”ğ—¡ ğ—¥ğ—¢ğ— ğ—˜ğ—¥ğ—¢ (ğŸ®ğŸ¬ğŸ¬ğŸ²) hizo su presentaciÃ³n este miÃ©rcoles con el primer equipo de la Universidad CatÃ³lica en la victoria 0-1 sobre Coquimbo por la Copa de Verano 2024, torneo preparatorio que se juega previo al inicio del torneo local. IngresÃ³ al 67â€™ con el dorsal #32 uno de los proyectos mÃ¡s ambiciosos del elenco â€˜cruzadoâ€™ en la actualidad. El canterano ya suma minutos con la mÃ¡xima categorÃ­a. El momento finalmente ha llegado: Â¡ğ——ğ—˜ğ—•ğ—¨ğ—§ğ—¢Ì ğ—˜ğ—Ÿ ğ—–ğ—›ğ—”ğ— ğ—¢! ğŸ‡»ğŸ‡ª  .@Cruzados #VenEx #Leenhan #Chile #SoloVenex""",,Jefferson Savarino
Botafogo,No se encontrÃ³ informaciÃ³n,https://twitter.com/SOLOVENEX_/status/1745414974762074423,"Jan 11, 2024","""ğŸš¨ ğ—¢ğ—™ğ—œğ—–ğ—œğ—”ğ—Ÿ: Â¡Jefferson #Savarino vuelve a Brasil y asÃ­ fue anunciado por Botafogo!  â€¢ Con ellos jugarÃ¡ la fase 02 de la Copa Libertadores. SerÃ¡ su ğ—¦ğ—˜ğ—šğ—¨ğ—¡ğ——ğ—” ğ—˜ğ—§ğ—”ğ—£ğ—” en suelo amazÃ³nico tras su paso por AtlÃ©tico Mineiro.  â€¢ â€˜ğ‘ºğ‘¨ğ‘½ğ‘¨â€™ fue adquirido por el elenco brasileÃ±o desde el #RealSaltLake de la #MLS por una cifra que ronda los 2.7 M$. InformÃ³ @tombogert.   #VenEx #Oficial #Savarino #SoloVenex",ğŸ¥ @Botafogo,""""
Jhon Murillo,Venezolano,Atlas FC,No se encontrÃ³ informaciÃ³n,https://twitter.com/SOLOVENEX_/status/1745414974762074423,"Jan 11, 2024","""ğŸš¨ ğ—¢ğ—™ğ—œğ—–ğ—œğ—”ğ—Ÿ: Â¡Jefferson #Savarino vuelve a Brasil y asÃ­ fue anunciado por Botafogo!  â€¢ Con ellos jugarÃ¡ la fase 02 de la Copa Libertadores. SerÃ¡ su ğ—¦ğ—˜ğ—šğ—¨ğ—¡ğ——ğ—” ğ—˜ğ—§ğ—”ğ—£ğ—” en suelo amazÃ³nico tras su paso por AtlÃ©tico Mineiro.  â€¢ â€˜ğ‘ºğ‘¨ğ‘½ğ‘¨â€™ fue adquirido por el elenco brasileÃ±o desde el #RealSaltLake de la #MLS por una cifra que ronda los 2.7 M$. InformÃ³ @tombogert.   #VenEx #Oficial #Savarino #SoloVenex"
"""",,RÃ³mulo Otero,Venezolano,Santos FC,No se encontrÃ³ informaciÃ³n,https://twitter.com/SOLOVENEX_/status/1748876855476630010
"""ğŸ“ ğ—™ğ—§ en Caracas: Venezuela 3-3 Bolivia.   â€¢ La @SeleVinotinto rasga apenas un punto en su debut en el #TorneoPreolÃ­mpico â€” 2024.  âš½ï¸ â€¢ Lacava (37â€™), BolÃ­var (41â€™) y Rivas (63â€™).  #CONMEBOLPreolimpico",@PonceRance,"""",,Jovanny BolÃ­var,Venezolano,Incompleto
https://twitter.com/SOLOVENEX_/status/1748876855476630010,"Jan 21, 2024","""ğŸ“ ğ—™ğ—§ en Caracas: Venezuela 3-3 Bolivia.   â€¢ La @SeleVinotinto rasga apenas un punto en su debut en el #TorneoPreolÃ­mpico â€” 2024.  âš½ï¸ â€¢ Lacava (37â€™), BolÃ­var (41â€™) y Rivas (63â€™).  #CONMEBOLPreolimpico",@PonceRance,"""",,MatÃ­as Lacava
Incompleto,No se encontrÃ³ informaciÃ³n,https://twitter.com/SOLOVENEX_/status/1748876855476630010,"Jan 21, 2024","""ğŸ“ ğ—™ğ—§ en Caracas: Venezuela 3-3 Bolivia.   â€¢ La @SeleVinotinto rasga apenas un punto en su debut en el #TorneoPreolÃ­mpico â€” 2024.  âš½ï¸ â€¢ Lacava (37â€™), BolÃ­var (41â€™) y Rivas (63â€™).  #CONMEBOLPreolimpico",@PonceRance,""""
Kevin Kelsy,Venezolano,Shakhtar Donetsk,No se encontrÃ³ informaciÃ³n,https://twitter.com/SOLOVENEX_/status/1748876855476630010,"Jan 21, 2024","""ğŸ“ ğ—™ğ—§ en Caracas: Venezuela 3-3 Bolivia.   â€¢ La @SeleVinotinto rasga apenas un punto en su debut en el #TorneoPreolÃ­mpico â€” 2024.  âš½ï¸ â€¢ Lacava (37â€™), BolÃ­var (41â€™) y Rivas (63â€™).  #CONMEBOLPreolimpico"
"""",,Jon Aramburu,Venezolano,Real Sociedad,No se encontrÃ³ informaciÃ³n,https://twitter.com/SOLOVENEX_/status/1748828832856224020
"""La primera foto es de 2017, el pequeÃ±o @JonAramburu3 encaraba su primer reto internacional con la @RealSociedad â€˜cadeteâ€™.  Â¿La segunda? De ahora. Enero - 2024.   Haciendo su debut con el equipo â€œdonostiarraâ€ en LaLiga de EspaÃ±a disputando 45â€™ de titular en la victoria 0-1 vs. Celta de Vigo.   Del #FUTVE a una de las mejores ligas del mundo. Jon Aramburu: ğ—¢ğ—•ğ—ğ—˜ğ—§ğ—œğ—©ğ—¢ğ—¦ ğ—–ğ—Ÿğ—”ğ—¥ğ—¢ğ—¦.  #VenEx #LaLiga #Aramburu #SoloVenex",ğŸ“¸ Prensa Real Sociedad,"""",,NicolÃ¡s Fedor,Venezolano,Academia Puerto Cabello
https://twitter.com/SOLOVENEX_/status/1748786447392375295,"Jan 20, 2024","""Luego de mil batallas en el fÃºtbol europeo, una infinidad de emociones con la selecciÃ³n nacional de Venezuela, y el vaivÃ©n de una de las carreras mÃ¡s duraderas para un futbolista venezolano en el exterior, NicolÃ¡s Ladislao Fedor volviÃ³ al paÃ­s que lo vio nacer. En el que todo iniciÃ³. â€œMikuâ€ fue anunciado por Academia Puerto Cabello protagonizando uno de los movimientos mÃ¡s importantes del Ãºltimo tiempo en el FUTVE. El torneo local contarÃ¡ en 2024 con la presencia de uno de los goleadores activos mÃ¡s experimentados nacidos en este paÃ­s. El ğ—œğ—¡ğ—–ğ—¢ğ— ğ—•ğ—¨ğ—¦ğ—§ğ—œğ—•ğ—Ÿğ—˜ NicolÃ¡s Fedor. ğ—Ÿğ—¨ğ—ğ—”ğ—­ğ—¢. @la_academiapc // @LigaFUTVE âš½ï¸ğŸ‡»ğŸ‡ª  #FutVe #Fedor #Fichajes #SoloVenex""",,SalomÃ³n RondÃ³n,Venezolano,Pachuca
https://twitter.com/SOLOVENEX_/status/1748786447392375295,"Jan 20, 2024","""Luego de mil batallas en el fÃºtbol europeo, una infinidad de emociones con la selecciÃ³n nacional de Venezuela, y el vaivÃ©n de una de las carreras mÃ¡s duraderas para un futbolista venezolano en el exterior, NicolÃ¡s Ladislao Fedor volviÃ³ al paÃ­s que lo vio nacer. En el que todo iniciÃ³. â€œMikuâ€ fue anunciado por Academia Puerto Cabello protagonizando uno de los movimientos mÃ¡s importantes del Ãºltimo tiempo en el FUTVE. El torneo local contarÃ¡ en 2024 con la presencia de uno de los goleadores activos mÃ¡s experimentados nacidos en este paÃ­s. El ğ—œğ—¡ğ—–ğ—¢ğ— ğ—•ğ—¨ğ—¦ğ—§ğ—œğ—•ğ—Ÿğ—˜ NicolÃ¡s Fedor. ğ—Ÿğ—¨ğ—ğ—”ğ—­ğ—¢. @la_academiapc // @LigaFUTVE âš½ï¸ğŸ‡»ğŸ‡ª  #FutVe #Fedor #Fichajes #SoloVenex""",,SalomÃ³n RondÃ³n,Venezolano,Pachuca
https://twitter.com/SOLOVENEX_/status/1744915350498460097,"Jan 10, 2024","""Â¡ğ—¥ğ—¢ğ—¡ğ——ğ—¢Ìğ—¡ en su nuevo ğ—–ğ—¢ğ—Ÿğ—œğ—¦ğ—˜ğ—¢! â€¢ğŸ›¡ï¸ğŸ‡»ğŸ‡ª  â€˜ğ—˜ğ—Ÿ ğ—šğ—Ÿğ—”ğ——ğ—œğ—”ğ——ğ—¢ğ—¥â€™ ya entrena con Pachuca.  #VenEx #RondÃ³n #Pachuca #SoloVenex",ğŸ“¸ @TuzosOficial,"""",,SalomÃ³n RondÃ³n
Pachuca,No se encontrÃ³ informaciÃ³n,https://twitter.com/SOLOVENEX_/status/1746391507307786410,"Jan 14, 2024","""SalomÃ³n RondÃ³n ğ——ğ—˜ğ—•ğ—¨ğ—§ğ—¢Ì este sÃ¡bado con Pachuca y anotÃ³ el ğ—šğ—¢ğ—Ÿ que le dio la victoria a â€˜Los Tuzosâ€™ 0-1 sobre @CruzAzul por la fecha 01 de la Liga MX. Con el tanto ante la â€˜MÃ¡quina Cementeraâ€™, el nativo de Catia y ex jugador de River Plate,  ya sabe lo que es rubricar las redes en cuatro confederaciones distintas luego de que lo hiciera en CONMEBOL, UEFA, AFC y ahora, CONCACAF. ğ—¡ğ—¨ğ—¡ğ—–ğ—” duden del â€˜Gladiadorâ€™ Vinotinto. Â¡â€˜ğŸµâ€™ ğ——ğ—˜ ğ—¥ğ—”ğ—­ğ—”! ğŸ‡»ğŸ‡ª  #VenEx #RondÃ³n #Pachuca #SoloVenex",ğŸ“¸ @TuzosOficial,""""
Alexander GonzÃ¡lez,Venezolano,Emelec,No se encontrÃ³ informaciÃ³n,https://twitter.com/SOLOVENEX_/status/1746256773588119748,"Jan 13, 2024","""ğ—¢ğ—™ğ—œğ—–ğ—œğ—”ğ—Ÿ: Alexander GonzÃ¡lez fue anunciado como nuevo jugador del @CSEmelec de la primera divisiÃ³n de Ecuador. FirmÃ³ un acuerdo por dos aÃ±os luego de su paso por @Caracas_FC de la @LigaFUTVE. El lateral derecho de 31 aÃ±os arriba a su ğ—¡ğ—¢ğ—©ğ—˜ğ—¡ğ—” etapa en el fÃºtbol internacional tras sus pasos por: Young Boys, Aarau, Thun, SD Huesca, Elche, MirandÃ©s, FC Dinamo, MÃ¡laga y el Pyunik de Armenia. Inicia un nuevo reto para el internacional con la @SeleVinotinto. Â¡ğ—˜Ìğ—«ğ—œğ—§ğ—¢ğ—¦, @Alexdavid92! ğŸ‡»ğŸ‡ª  #VenEx #GonzÃ¡lez #Oficial #SoloVenex"
"""",,TomÃ¡s RincÃ³n,Venezolano,Incompleto,No se encontrÃ³ informaciÃ³n,https://twitter.com/SOLOVENEX_/status/1746167786810798097
"""Imaginen, siendo venezolano, jugar al menos 14 aÃ±os en la Ã©lite del fÃºtbol mundial. Figurando en la Bundesliga alemana y la Serie A italiana, por ejemplo. Incluso, llegando a la Juventus de TurÃ­n. Imaginen dedicar 22 de tus 36 aÃ±os de vida a la selecciÃ³n nacional de tu paÃ­s, y no conforme con eso, disputar mÃ¡s de 10.000 minutos de juego y convertirte ademÃ¡s en el jugador que mÃ¡s veces portÃ³ la cinta de capitÃ¡n en la historia de la @SeleVinotinto. Imaginen seguir vigente y ser parte de la selecciÃ³n que lucha por un cupo al Mundial de 2026, el cual serÃ­a el primero. Ahora imaginen, despuÃ©s de todo lo dicho, no considerarlo como una ğ—Ÿğ—˜ğ—¬ğ—˜ğ—¡ğ——ğ—” del fÃºtbol venezolano. Feliz cumpleaÃ±os, @TomasRincon5. Seremos breves, muy breves: ğ—šğ—¥ğ—”ğ—–ğ—œğ—”ğ—¦ ğŸ«¡âš½ï¸ğŸ‡»ğŸ‡ª  #RincÃ³n #Venezuela #HB #SoloVenex",ğŸ“¸ Getty Images,"""",,TomÃ¡s RincÃ³n,Venezolano,Incompleto
https://twitter.com/SOLOVENEX_/status/1744360588120138220,"Jan 8, 2024","""ğŸ‡»ğŸ‡ª TomÃ¡s RincÃ³n le da la bienvenida a RÃ³mulo Otero al @santosfc: â€œğ—§ğ— ğ—, ğ—µğ—²ğ—¿ğ—ºğ—®ğ—»ğ—¼"""", posteÃ³ en su IG. Â¿El objetivo? Â¡ğ—±ğ—²ğ˜ƒğ—¼ğ—¹ğ˜ƒğ—²ğ—¿ğ—¹ğ—¼ğ˜€ ğ—® ğ—½ğ—¿ğ—¶ğ—ºğ—²ğ—¿ğ—®! ğŸ”  ğŸ’¬ â€¢ Â¿Lo lograrÃ¡n? Te leemos aquÃ­ abajo: _____  #VenEx #RincÃ³n #Otero #Santos #SoloVenex""",,Adalberto PeÃ±aranda,Venezolano,Incompleto
https://twitter.com/SOLOVENEX_/status/1744454838270788007,"Jan 8, 2024","""â€œYa casi nos vemos, @FK_Sarajevoâ€   Fin de la novela â‰ï¸ ğŸ‘€""",,SaÃºl Guarirapa,Venezolano,Sochi
https://twitter.com/SOLOVENEX_/status/1747954601179902405,"Jan 18, 2024","""ğ—¢ğ—™ğ—œğ—–ğ—œğ—”ğ—Ÿ: El delantero SaÃºl Guarirapa fue anunciado este jueves como nuevo jugador del PF Sochi de la primera divisiÃ³n de Rusia. Llega en calidad de ğ—–ğ—˜ğ——ğ—œğ——ğ—¢ por seis meses con opciÃ³n a compra desde el Caracas FC a la que serÃ¡ su primera experiencia en el balompie internacional. En el cuadro capitalino participÃ³ en 26 goles (16 tantos y 10 asistencias) en 69 partidos, reseÃ±Ã³ la @LigaFUTVE. ğ—¡ğ—¨ğ—˜ğ—©ğ—¢ ğ—¥ğ—˜ğ—§ğ—¢ para â€˜â€˜ğ‘®ğ’–ğ’‚ğ’“ğ’Šâ€™â€™ ğŸ‡»ğŸ‡ª  #VenEx #Guarirapa #Fichajes #SoloVenex",ğŸ“¸ @pfcsochi,"""",,SaÃºl Guarirapa
Sochi,No se encontrÃ³ informaciÃ³n,https://twitter.com/SOLOVENEX_/status/1744439329181651283,"Jan 8, 2024","""â€œYa casi nos vemos, @FK_Sarajevoâ€   Fin de la novela â‰ï¸ ğŸ‘€""",,Jon Aramburu
Real Sociedad,No se encontrÃ³ informaciÃ³n,https://twitter.com/SOLOVENEX_/status/1747954601179902405,"Jan 18, 2024","""ğ—¢ğ—™ğ—œğ—–ğ—œğ—”ğ—Ÿ: El delantero SaÃºl Guarirapa fue anunciado este jueves como nuevo jugador del PF Sochi de la primera divisiÃ³n de Rusia. Llega en calidad de ğ—–ğ—˜ğ——ğ—œğ——ğ—¢ por seis meses con opciÃ³n a compra desde el Caracas FC a la que serÃ¡ su primera experiencia en el balompie internacional. En el cuadro capitalino participÃ³ en 26 goles (16 tantos y 10 asistencias) en 69 partidos, reseÃ±Ã³ la @LigaFUTVE. ğ—¡ğ—¨ğ—˜ğ—©ğ—¢ ğ—¥ğ—˜ğ—§ğ—¢ para â€˜â€˜ğ‘®ğ’–ğ’‚ğ’“ğ’Šâ€™â€™ ğŸ‡»ğŸ‡ª  #VenEx #Guarirapa #Fichajes #SoloVenex",ğŸ“¸ @pfcsochi,""""
Jon Aramburu,Venezolano,Real Sociedad,No se encontrÃ³ informaciÃ³n,https://twitter.com/SOLOVENEX_/status/1745494037891559608,"Jan 11, 2024","""â€œYa casi nos vemos, @FK_Sarajevoâ€   Fin de la novela â‰ï¸ ğŸ‘€"""
Jon Aramburu,Venezolano,Real Sociedad,No se encontrÃ³ informaciÃ³n,https://twitter.com/SOLOVENEX_/status/1751247285403496462,"Jan 27, 2024","""Jon Aramburu sigue pisando firme con la Real Sociedad y este sÃ¡bado estampÃ³ su tercera titularidad consecutiva. El defensor venezolano viene de disputar 90â€™ minutos ante Celta de Vigo por Copa del Rey y ahora, completÃ³ su primer partido en la mÃ¡xima categorÃ­a de EspaÃ±a (LaLiga), siendo una de las figuras mÃ¡s resaltantes del â€œdonostiarraâ€ en el 0-0 con Rayo Vallecano. Desde casa, un viejo conocido lo alienta, el astro francÃ©s Antoine Griezmann. Ex elemento de la Real y jugador que tambiÃ©n es manejado por la misma casa de representaciÃ³n de @JonAramburu3. Esta, conocida como @byandfor. Â¡ğ—¨ğ—¡ ğ—£ğ—”ğ—¡ğ—” ğ——ğ—˜ ğ—Ÿğ—¨ğ—ğ—¢! ğŸ¤ğŸ»ğŸ‡«ğŸ‡·ğŸ‡»ğŸ‡ª  #VenEx #Aramburu #Griezmann #SoloVenex"""
Jon Aramburu,Venezolano,Real Sociedad,No se encontrÃ³ informaciÃ³n,https://twitter.com/SOLOVENEX_/status/1751057058776924173,"Jan 27, 2024","""â€œYa casi nos vemos, @FK_Sarajevoâ€   Fin de la novela â‰ï¸ ğŸ‘€"""
Jon Aramburu,Venezolano,Real Sociedad,No se encontrÃ³ informaciÃ³n,https://twitter.com/SOLOVENEX_/status/1750523950545686528,"Jan 25, 2024","""AsÃ­ comenzÃ³: ğŸ‘¶ğŸ½ â¡ï¸ AsÃ­ va: â­ï¸  ğ—Ÿğ—˜ğ—˜ğ—¡ğ—›ğ—”ğ—¡ ğ—¥ğ—¢ğ— ğ—˜ğ—¥ğ—¢ (ğŸ®ğŸ¬ğŸ¬ğŸ²) hizo su presentaciÃ³n este miÃ©rcoles con el primer equipo de la Universidad CatÃ³lica en la victoria 0-1 sobre Coquimbo por la Copa de Verano 2024, torneo preparatorio que se juega previo al inicio del torneo local. IngresÃ³ al 67â€™ con el dorsal #32 uno de los proyectos mÃ¡s ambiciosos del elenco â€˜cruzadoâ€™ en la actualidad. El canterano ya suma minutos con la mÃ¡xima categorÃ­a. El momento finalmente ha llegado: Â¡ğ——ğ—˜ğ—•ğ—¨ğ—§ğ—¢Ì ğ—˜ğ—Ÿ ğ—–ğ—›ğ—”ğ— ğ—¢! ğŸ‡»ğŸ‡ª  .@Cruzados #VenEx #Leenhan #Chile #SoloVenex"""
Jon Aramburu,Venezolano,Real Sociedad,No se encontrÃ³ informaciÃ³n,https://twitter.com/SOLOVENEX_/status/1748023013843370044,"Jan 18, 2024","""â€œYa casi nos vemos, @FK_Sarajevoâ€   Fin de la novela â‰ï¸ ğŸ‘€"""
Jon Aramburu,Venezolano,Real Sociedad,No se encontrÃ³ informaciÃ³n,https://twitter.com/SOLOVENEX_/status/1745494664986178005,"Jan 11, 2024","""â€œYa casi nos vemos, @FK_Sarajevoâ€   Fin de la novela â‰ï¸ ğŸ‘€"""
Jon Aramburu,Venezolano,Real Sociedad,No se encontrÃ³ informaciÃ³n,https://twitter.com/SOLOVENEX_/status/1745439973371699412,"Jan 11, 2024","""â€œYa casi nos vemos, @FK_Sarajevoâ€   Fin de la novela â‰ï¸ ğŸ‘€"""
Jon Aramburu,Venezolano,Real Sociedad,No se encontrÃ³ informaciÃ³n,https://twitter.com/SOLOVENEX_/status/1745494664986178005,"Jan 11, 2024","""â€œYa casi nos vemos, @FK_Sarajevoâ€   Fin de la novela â‰ï¸ ğŸ‘€"""
Jon Aramburu,Venezolano,Real Sociedad,No se encontrÃ³ informaciÃ³n,https://twitter.com/SOLOVENEX_/status/1745439973371699412,"Jan 11, 2024","""â€œYa casi nos vemos, @FK_Sarajevoâ€   Fin de la novela â‰ï¸ ğŸ‘€"""
Jon Aramburu,Venezolano,Real Sociedad,No se encontrÃ³ informaciÃ³n,https://twitter.com/SOLOVENEX_/status/1745494664986178005,"Jan 11, 2024","""â€œYa casi nos vemos, @FK_Sarajevoâ€   Fin de la novela â‰ï¸ ğŸ‘€"""
Jon Aramburu,Venezolano,Real Sociedad,No se encontrÃ³ informaciÃ³n,https://twitter.com/SOLOVENEX_/status/1745439973371699412,"Jan 11, 2024","""â€œYa casi nos vemos, @FK_Sarajevoâ€   Fin de la novela â‰ï¸ ğŸ‘€"""
Jon Aramburu,Venezolano,Real Sociedad,No se encontrÃ³ informaciÃ³n,https://twitter.com/SOLOVENEX_/status/1745494664986178005,"Jan 11, 2024","""â€œYa casi nos vemos, @FK_Sarajevoâ€   Fin de la novela â‰ï¸ ğŸ‘€"""
Jon Aramburu,Venezolano,Real Sociedad,No se encontrÃ³ informaciÃ³n,https://twitter.com/SOLOVENEX_/status/1745439973371699412,"Jan 11, 2024","""â€œYa casi nos vemos, @FK_Sarajevoâ€   Fin de la novela â‰ï¸ ğŸ‘€"""
Jon Aramburu,Venezolano,Real Sociedad,No se encontrÃ³ informaciÃ³n,https://twitter.com/SOLOVENEX_/status/1745494664986178005,"Jan 11, 2024","""â€œYa casi nos vemos, @FK_Sarajevoâ€   Fin de la novela â‰ï¸ ğŸ‘€"""
Jon Aramburu,Venezolano,Real Sociedad,No se encontrÃ³ informaciÃ³n,https://twitter.com/SOLOVENEX_/status/1745439973371699412,"Jan 11, 2024","""â€œYa casi nos vemos, @FK_Sarajevoâ€   Fin de la novela â‰ï¸ ğŸ‘€"""
Jon Aramburu,Venezolano,Real Sociedad,No se encontrÃ³ informaciÃ³n,https://twitter.com/SOLOVENEX_/status/1745494664986178005,"Jan 11, 2024","""â€œYa casi nos vemos, @FK_Sarajevoâ€   Fin de la novela â‰ï¸ ğŸ‘€"""
Jon Aramburu,Venezolano,Real Sociedad,No se encontrÃ³ informaciÃ³n,https://twitter.com/SOLOVENEX_/status/1745439973371699412,"Jan 11, 2024","""â€œYa casi nos vemos, @FK_Sarajevoâ€   Fin de la novela â‰ï¸ ğŸ‘€"""
Jon Aramburu,Venezolano,Real Sociedad,No se encontrÃ³ informaciÃ³n,https://twitter.com/SOLOVENEX_/status/1745494664986178005,"Jan 11, 2024","""â€œYa casi nos vemos, @FK_Sarajevoâ€   Fin de la novela â‰ï¸ ğŸ‘€"""
Jon Aramburu,Venezolano,Real Sociedad,No se encontrÃ³ informaciÃ³n,https://twitter.com/SOLOVENEX_/status/1745439973371699412,"Jan 11, 2024","""â€œYa casi nos vemos, @FK_Sarajevoâ€   Fin de la novela â‰ï¸ ğŸ‘€"""
Jon Aramburu,Venezolano,Real Sociedad,No se encontrÃ³ informaciÃ³n,https://twitter.com/SOLOVENEX_/status/1745494664986178005,"Jan 11, 2024","""â€œYa casi nos vemos, @FK_Sarajevoâ€   Fin de la novela â‰ï¸ ğŸ‘€"""
Jon Aramburu,Venezolano,Real Sociedad,No se encontrÃ³ informaciÃ³n,https://twitter.com/SOLOVENEX_/status/1745439973371699412,"Jan 11, 2024","""â€œYa casi nos vemos, @FK_Sarajevoâ€   Fin de la novela â‰ï¸ ğŸ‘€"""
Jon Aramburu,Venezolano,Real Sociedad,No se encontrÃ³ informaciÃ³n,https://twitter.com/SOLOVENEX_/status/1745494664986178005,"Jan 11, 2024","""â€œYa casi nos vemos, @FK_Sarajevoâ€   Fin de la novela â‰ï¸ ğŸ‘€"""
Jon Aramburu,Venezolano,Real Sociedad,No se encontrÃ³ informaciÃ³n,https://twitter.com/SOLOVENEX_/status/1745439973371699412,"Jan 11, 2024","""â€œYa casi nos vemos, @FK_Sarajevoâ€   Fin de la novela â‰ï¸ ğŸ‘€"""
Jon Aramburu,Venezolano,Real Sociedad,No se encontrÃ³ informaciÃ³n,https://twitter.com/SOLOVENEX_/status/1745494664986178005,"Jan 11, 2024","""â€œYa casi nos vemos, @FK_Sarajevoâ€   Fin de la novela â‰ï¸ ğŸ‘€"""
Jon Aramburu,Venezolano,Real Sociedad,No se encontrÃ³ informaciÃ³n,https://twitter.com/SOLOVENEX_/status/1745439973371699412,"Jan 11, 2024","""â€œYa casi nos vemos, @FK_Sarajevoâ€   Fin de la novela â‰ï¸ ğŸ‘€"""
Jon Aramburu,Venezolano,Real Sociedad,No se encontrÃ³ informaciÃ³n,https://twitter.com/SOLOVENEX_/status/1745494664986178005,"Jan 11, 2024","""â€œYa casi nos vemos, @FK_Sarajevoâ€   Fin de la novela â‰ï¸ ğŸ‘€"""
Jon Aramburu,Venezolano,Real Sociedad,No se encontrÃ³ informaciÃ³n,https://twitter.com/SOLOVENEX_/status/1745439973371699412,"Jan 11, 2024","""â€œYa casi nos vemos, @FK_Sarajevoâ€   Fin de la novela â‰ï¸ ğŸ‘€"""
Jon Aramburu,Venezolano,Real Sociedad,No se encontrÃ³ informaciÃ³n,https://twitter.com/SOLOVENEX_/status/1745494664986178005,"Jan 11, 2024","""â€œYa casi nos vemos, @FK_Sarajevoâ€   Fin de la novela â‰ï¸ ğŸ‘€"""
Jon Aramburu,Venezolano,Real Sociedad,No se encontrÃ³ informaciÃ³n,https://twitter.com/SOLOVENEX_/status/1745439973371699412,"Jan 11, 2024","""â€œYa casi nos vemos, @FK_Sarajevoâ€   Fin de la novela â‰ï¸ ğŸ‘€"""
Jon Aramburu,Venezolano,Real Sociedad,No se encontrÃ³ informaciÃ³n,https://twitter.com/SOLOVENEX_/status/1745494664986178005,"Jan 11, 2024","""â€œYa casi nos vemos, @FK_Sarajevoâ€   Fin de la novela â‰ï¸ ğŸ‘€"""
Jon Aramburu,Venezolano,Real Sociedad,No se encontrÃ³ informaciÃ³n,https://twitter.com/SOLOVENEX_/status/1745439973371699412,"Jan 11, 2024","""â€œYa casi nos vemos, @FK_Sarajevoâ€   Fin de la novela â‰ï¸ ğŸ‘€"""
Jon Aramburu,Venezolano,Real Sociedad,No se encontrÃ³ informaciÃ³n,https://twitter.com/SOLOVENEX_/status/1745494664986178005,"Jan 11, 2024","""â€œYa casi nos vemos, @FK_Sarajevoâ€   Fin de la novela â‰ï¸ ğŸ‘€"""
Jon Aramburu,Venezolano,Real Sociedad,No se encontrÃ³ informaciÃ³n,https://twitter.com/SOLOVENEX_/status/1745439973371699412,"Jan 11, 2024","""â€œYa casi nos vemos, @FK_Sarajevoâ€   Fin de la novela â‰ï¸ ğŸ‘€"""
Jon Aramburu,Venezolano,Real Sociedad,No se encontrÃ³ informaciÃ³n,https://twitter.com/SOLOVENEX_/status/1745494664986178005,"Jan 11, 2024","""â€œYa casi nos vemos, @FK_Sarajevoâ€   Fin de la novela â‰ï¸ ğŸ‘€"""
Jon Aramburu,Venezolano,Real Sociedad,No se encontrÃ³ informaciÃ³n,https://twitter.com/SOLOVENEX_/status/1745439973371699412,"Jan 11, 2024","""â€œYa casi nos vemos, @FK_Sarajevoâ€   Fin de la novela â‰ï¸ ğŸ‘€"""
Jon Aramburu,Venezolano,Real Sociedad,No se encontrÃ³ informaciÃ³n,https://twitter.com/SOLOVENEX_/status/1745494664986178005,"Jan 11, 2024","""â€œYa casi nos vemos, @FK_Sarajevoâ€   Fin de la novela â‰ï¸ ğŸ‘€"""
Jon Aramburu,Venezolano,Real Sociedad,No se encontrÃ³ informaciÃ³n,https://twitter.com/SOLOVENEX_/status/1745439973371699412,"Jan 11, 2024","""â€œYa casi nos vemos, @FK_Sarajevoâ€   Fin de la novela â‰ï¸ ğŸ‘€"""
Jon Aramburu,Venezolano,Real Sociedad,No se encontrÃ³ informaciÃ³n,https://twitter.com/SOLOVENEX_/status/1745494664986178005,"Jan 11, 2024","""â€œYa casi nos vemos, @FK_Sarajevoâ€   Fin de la novela â‰ï¸ ğŸ‘€"""
Jon Aramburu,Venezolano,Real Sociedad,No se encontrÃ³ informaciÃ³n,https://twitter.com/SOLOVENEX_/status/1745439973371699412,"Jan 11, 2024","""â€œYa casi nos vemos, @FK_Sarajevoâ€   Fin de la novela â‰ï¸ ğŸ‘€"""
Jon Aramburu,Venezolano,Real Sociedad,No se encontrÃ³ informaciÃ³n,https://twitter.com/SOLOVENEX_/status/1745494664986178005,"Jan 11, 2024","""â€œYa casi nos vemos, @FK_Sarajevoâ€   Fin de la novela â‰ï¸ ğŸ‘€"""
Jon Aramburu,Venezolano,Real Sociedad,No se encontrÃ³ informaciÃ³n,https://twitter.com/SOLOVENEX_/status/1745439973371699412,"Jan 11, 2024","""â€œYa casi nos vemos, @FK_Sarajevoâ€   Fin de la novela â‰ï¸ ğŸ‘€"""
Jon Aramburu,Venezolano,Real Sociedad,No se encontrÃ³ informaciÃ³n,https://twitter.com/SOLOVENEX_/status/1745494664986178005,"Jan 11, 2024","""â€œYa casi nos vemos, @FK_Sarajevoâ€   Fin de la novela â‰ï¸ ğŸ‘€"""
Jon Aramburu,Venezolano,Real Sociedad,No se encontrÃ³ informaciÃ³n,https://twitter.com/SOLOVENEX_/status/1745439973371699412,"Jan 11, 2024","""â€œYa casi nos vemos, @FK_Sarajevoâ€   Fin de la novela â‰ï¸ ğŸ‘€"""
Jon Aramburu,Venezolano,Real Sociedad,No se encontrÃ³ informaciÃ³n,https://twitter.com/SOLOVENEX_/status/1745494664986178005,"Jan 11, 2024","""â€œYa casi nos vemos, @FK_Sarajevoâ€   Fin de la novela â‰ï¸ ğŸ‘€"""
